topic_id,topic,candidate_id,strategy,judge_name,score,reason,essay,word_count
0,Is technology making students more independent or more dependent?,0,uncertainty_aware,strict_academic,8.31,"Heuristic baseline score from relevance, structure, length, and lexical diversity.","It is tempting to give a confident answer to Is technology making students more independent or more dependent?, but the truth is conditional. The answer changes depending on who uses the idea, how it is implemented, and what safeguards exist. In a strong implementation, the idea can support better choices. It can improve speed, access, and consistency. It can also reduce repetitive work and allow people to focus on more meaningful tasks. These are real advantages. In a weak implementation, the same idea can create dependency, hidden bias, and superficial judgement. Users may trust the result too quickly simply because it appears organised or official. That would be a serious mistake. For this reason, my answer is cautious and evidence-based. The idea should be tested, compared with alternatives, and improved through feedback. It should be judged by actual outcomes rather than promises. Used responsibly, it can help; used carelessly, it can harm.",152
0,Is technology making students more independent or more dependent?,0,uncertainty_aware,creativity_friendly,7.62,"Heuristic baseline score from relevance, structure, length, and lexical diversity.","It is tempting to give a confident answer to Is technology making students more independent or more dependent?, but the truth is conditional. The answer changes depending on who uses the idea, how it is implemented, and what safeguards exist. In a strong implementation, the idea can support better choices. It can improve speed, access, and consistency. It can also reduce repetitive work and allow people to focus on more meaningful tasks. These are real advantages. In a weak implementation, the same idea can create dependency, hidden bias, and superficial judgement. Users may trust the result too quickly simply because it appears organised or official. That would be a serious mistake. For this reason, my answer is cautious and evidence-based. The idea should be tested, compared with alternatives, and improved through feedback. It should be judged by actual outcomes rather than promises. Used responsibly, it can help; used carelessly, it can harm.",152
0,Is technology making students more independent or more dependent?,0,uncertainty_aware,concision_friendly,9.0,"Heuristic baseline score from relevance, structure, length, and lexical diversity.","It is tempting to give a confident answer to Is technology making students more independent or more dependent?, but the truth is conditional. The answer changes depending on who uses the idea, how it is implemented, and what safeguards exist. In a strong implementation, the idea can support better choices. It can improve speed, access, and consistency. It can also reduce repetitive work and allow people to focus on more meaningful tasks. These are real advantages. In a weak implementation, the same idea can create dependency, hidden bias, and superficial judgement. Users may trust the result too quickly simply because it appears organised or official. That would be a serious mistake. For this reason, my answer is cautious and evidence-based. The idea should be tested, compared with alternatives, and improved through feedback. It should be judged by actual outcomes rather than promises. Used responsibly, it can help; used carelessly, it can harm.",152
0,Is technology making students more independent or more dependent?,0,uncertainty_aware,skeptical_logic,7.2,"Heuristic baseline score from relevance, structure, length, and lexical diversity.","It is tempting to give a confident answer to Is technology making students more independent or more dependent?, but the truth is conditional. The answer changes depending on who uses the idea, how it is implemented, and what safeguards exist. In a strong implementation, the idea can support better choices. It can improve speed, access, and consistency. It can also reduce repetitive work and allow people to focus on more meaningful tasks. These are real advantages. In a weak implementation, the same idea can create dependency, hidden bias, and superficial judgement. Users may trust the result too quickly simply because it appears organised or official. That would be a serious mistake. For this reason, my answer is cautious and evidence-based. The idea should be tested, compared with alternatives, and improved through feedback. It should be judged by actual outcomes rather than promises. Used responsibly, it can help; used carelessly, it can harm.",152
0,Is technology making students more independent or more dependent?,1,empathetic_social,strict_academic,8.37,"Heuristic baseline score from relevance, structure, length, and lexical diversity.","Discussions about Is technology making students more independent or more dependent? often focus on systems and results, but the human experience is just as important. A policy or tool can be technically impressive and still fail if people feel confused, excluded, or pressured by it. The advantage is that the idea may help ordinary users. It can make tasks easier, support people with fewer resources, and offer new ways to participate. When designed with care, it can make society more open and responsive. The danger is that people may be judged by a system they do not understand. They may also become dependent on a process that appears objective but still reflects human assumptions. This is why transparency and education are essential. My final view is that the idea should be accepted, but not treated as neutral or perfect. It must be shaped around human dignity, fairness, and accountability. Progress should make people more capable, not less heard.",158
0,Is technology making students more independent or more dependent?,1,empathetic_social,creativity_friendly,7.55,"Heuristic baseline score from relevance, structure, length, and lexical diversity.","Discussions about Is technology making students more independent or more dependent? often focus on systems and results, but the human experience is just as important. A policy or tool can be technically impressive and still fail if people feel confused, excluded, or pressured by it. The advantage is that the idea may help ordinary users. It can make tasks easier, support people with fewer resources, and offer new ways to participate. When designed with care, it can make society more open and responsive. The danger is that people may be judged by a system they do not understand. They may also become dependent on a process that appears objective but still reflects human assumptions. This is why transparency and education are essential. My final view is that the idea should be accepted, but not treated as neutral or perfect. It must be shaped around human dignity, fairness, and accountability. Progress should make people more capable, not less heard.",158
0,Is technology making students more independent or more dependent?,1,empathetic_social,concision_friendly,9.0,"Heuristic baseline score from relevance, structure, length, and lexical diversity.","Discussions about Is technology making students more independent or more dependent? often focus on systems and results, but the human experience is just as important. A policy or tool can be technically impressive and still fail if people feel confused, excluded, or pressured by it. The advantage is that the idea may help ordinary users. It can make tasks easier, support people with fewer resources, and offer new ways to participate. When designed with care, it can make society more open and responsive. The danger is that people may be judged by a system they do not understand. They may also become dependent on a process that appears objective but still reflects human assumptions. This is why transparency and education are essential. My final view is that the idea should be accepted, but not treated as neutral or perfect. It must be shaped around human dignity, fairness, and accountability. Progress should make people more capable, not less heard.",158
0,Is technology making students more independent or more dependent?,1,empathetic_social,skeptical_logic,9.0,"Heuristic baseline score from relevance, structure, length, and lexical diversity.","Discussions about Is technology making students more independent or more dependent? often focus on systems and results, but the human experience is just as important. A policy or tool can be technically impressive and still fail if people feel confused, excluded, or pressured by it. The advantage is that the idea may help ordinary users. It can make tasks easier, support people with fewer resources, and offer new ways to participate. When designed with care, it can make society more open and responsive. The danger is that people may be judged by a system they do not understand. They may also become dependent on a process that appears objective but still reflects human assumptions. This is why transparency and education are essential. My final view is that the idea should be accepted, but not treated as neutral or perfect. It must be shaped around human dignity, fairness, and accountability. Progress should make people more capable, not less heard.",158
0,Is technology making students more independent or more dependent?,2,creative_reflective,strict_academic,8.76,"Heuristic baseline score from relevance, structure, length, and lexical diversity.","Is technology making students more independent or more dependent? is not only a technical or social question; it is a mirror of how people decide what progress should mean. Every new idea promises speed, convenience, and possibility, but it also asks us what we are willing to lose in exchange. On one side, the idea can open doors. It can help people who previously lacked access, give learners new ways to explore, and allow communities to solve problems faster. In this sense, technology, making, students, independent, dependent can be a bridge between limitation and opportunity. On the other side, a bridge can also be crossed too quickly. If people accept every new solution without asking who benefits, who is left behind, and what values are being weakened, progress becomes shallow. A good society should not only ask whether something works. It should also ask whether it works fairly and wisely. For this reason, I support the idea with caution. It should be used as a tool for better judgement, not as an excuse to stop thinking. The real challenge is not choosing between acceptance and rejection, but learning how to use change without being controlled by it.",197
0,Is technology making students more independent or more dependent?,2,creative_reflective,creativity_friendly,7.77,"Heuristic baseline score from relevance, structure, length, and lexical diversity.","Is technology making students more independent or more dependent? is not only a technical or social question; it is a mirror of how people decide what progress should mean. Every new idea promises speed, convenience, and possibility, but it also asks us what we are willing to lose in exchange. On one side, the idea can open doors. It can help people who previously lacked access, give learners new ways to explore, and allow communities to solve problems faster. In this sense, technology, making, students, independent, dependent can be a bridge between limitation and opportunity. On the other side, a bridge can also be crossed too quickly. If people accept every new solution without asking who benefits, who is left behind, and what values are being weakened, progress becomes shallow. A good society should not only ask whether something works. It should also ask whether it works fairly and wisely. For this reason, I support the idea with caution. It should be used as a tool for better judgement, not as an excuse to stop thinking. The real challenge is not choosing between acceptance and rejection, but learning how to use change without being controlled by it.",197
0,Is technology making students more independent or more dependent?,2,creative_reflective,concision_friendly,9.0,"Heuristic baseline score from relevance, structure, length, and lexical diversity.","Is technology making students more independent or more dependent? is not only a technical or social question; it is a mirror of how people decide what progress should mean. Every new idea promises speed, convenience, and possibility, but it also asks us what we are willing to lose in exchange. On one side, the idea can open doors. It can help people who previously lacked access, give learners new ways to explore, and allow communities to solve problems faster. In this sense, technology, making, students, independent, dependent can be a bridge between limitation and opportunity. On the other side, a bridge can also be crossed too quickly. If people accept every new solution without asking who benefits, who is left behind, and what values are being weakened, progress becomes shallow. A good society should not only ask whether something works. It should also ask whether it works fairly and wisely. For this reason, I support the idea with caution. It should be used as a tool for better judgement, not as an excuse to stop thinking. The real challenge is not choosing between acceptance and rejection, but learning how to use change without being controlled by it.",197
0,Is technology making students more independent or more dependent?,2,creative_reflective,skeptical_logic,9.0,"Heuristic baseline score from relevance, structure, length, and lexical diversity.","Is technology making students more independent or more dependent? is not only a technical or social question; it is a mirror of how people decide what progress should mean. Every new idea promises speed, convenience, and possibility, but it also asks us what we are willing to lose in exchange. On one side, the idea can open doors. It can help people who previously lacked access, give learners new ways to explore, and allow communities to solve problems faster. In this sense, technology, making, students, independent, dependent can be a bridge between limitation and opportunity. On the other side, a bridge can also be crossed too quickly. If people accept every new solution without asking who benefits, who is left behind, and what values are being weakened, progress becomes shallow. A good society should not only ask whether something works. It should also ask whether it works fairly and wisely. For this reason, I support the idea with caution. It should be used as a tool for better judgement, not as an excuse to stop thinking. The real challenge is not choosing between acceptance and rejection, but learning how to use change without being controlled by it.",197
